gc_rate	aromaticity	instability	mean_flexibility	hydropathy	length	hca	disord	aggreg	inter_gc_rate	gc_species	inter_gc_species	A_use	C_use	D_use	E_use	F_use	G_use	H_use	I_use	K_use	L_use	M_use	N_use	P_use	Q_use	R_use	S_use	T_use	V_use	W_use	Y_use	polar_use	hydrophobic_use	positive_use	negative_use	proline-glycine_use	alanine_use	cysteine_use
0.33353999999999995	0.40271999999999997	0.07711000000000001	0.68321	0.26026000000000005	0.0006699999999999484	0.71258	0.5938399999999999	1.0	0.3419	0.08765999999999996	0.06533999999999995	0.75822	1.0	0.11795999999999995	0.19469000000000003	0.36888	0.12036999999999998	0.72229	0.19401000000000002	0.62671	0.16584	0.70739	0.7814	0.32062	0.30106	0.74614	0.79944	0.17991999999999997	0.62628	1.0	0.80121	0.20226999999999995	0.22533999999999998	0.45704999999999996	0.25249	0.09689999999999999	0.75822	1.0
